,ACB,IBS,PUR
ACB,0.0,0.0830831073317777,0.058431754301965635
IBS,0.0830831073317777,0.0,0.0023737642927440074
PUR,0.058431754301965635,0.0023737642927440074,0.0
